"filename", "language", "YAML", "JSON", "Markdown", "MS SQL", "TypeScript", "JSON with Comments", "XML", "JavaScript", "TypeScript JSX", "PostCSS", "comment", "blank", "total"
"c:\Users\Dabz\Desktop\Dev\sl.itzdabbzz.me\.copilot_prev_pkg.json", "JSON", 0, 221, 0, 0, 0, 0, 0, 0, 0, 0, 0, 0, 221
"c:\Users\Dabz\Desktop\Dev\sl.itzdabbzz.me\.github\copilot-instructions.md", "Markdown", 0, 0, 55, 0, 0, 0, 0, 0, 0, 0, 0, 11, 66
"c:\Users\Dabz\Desktop\Dev\sl.itzdabbzz.me\.prettierrc", "JSON", 0, 4, 0, 0, 0, 0, 0, 0, 0, 0, 0, 1, 5
"c:\Users\Dabz\Desktop\Dev\sl.itzdabbzz.me\API_KEYS.md", "Markdown", 0, 0, 113, 0, 0, 0, 0, 0, 0, 0, 0, 31, 144
"c:\Users\Dabz\Desktop\Dev\sl.itzdabbzz.me\README.md", "Markdown", 0, 0, 68, 0, 0, 0, 0, 0, 0, 0, 0, 35, 103
"c:\Users\Dabz\Desktop\Dev\sl.itzdabbzz.me\docs\SecondLife_RLV_Guide.md", "Markdown", 0, 0, 203, 0, 0, 0, 0, 0, 0, 0, 0, 83, 286
"c:\Users\Dabz\Desktop\Dev\sl.itzdabbzz.me\docs\sl-bodys.md", "Markdown", 0, 0, 46, 0, 0, 0, 0, 0, 0, 0, 0, 2, 48
"c:\Users\Dabz\Desktop\Dev\sl.itzdabbzz.me\docs\sl-system-todo.md", "Markdown", 0, 0, 114, 0, 0, 0, 0, 0, 0, 0, 0, 17, 131
"c:\Users\Dabz\Desktop\Dev\sl.itzdabbzz.me\docs\sl_stores_to_scrape.md", "Markdown", 0, 0, 14, 0, 0, 0, 0, 0, 0, 0, 0, 1, 15
"c:\Users\Dabz\Desktop\Dev\sl.itzdabbzz.me\docs\sl_viewers.md", "Markdown", 0, 0, 28, 0, 0, 0, 0, 0, 0, 0, 0, 3, 31
"c:\Users\Dabz\Desktop\Dev\sl.itzdabbzz.me\package.json", "JSON", 0, 18, 0, 0, 0, 0, 0, 0, 0, 0, 0, 1, 19
"c:\Users\Dabz\Desktop\Dev\sl.itzdabbzz.me\packages\core\README.md", "Markdown", 0, 0, 4, 0, 0, 0, 0, 0, 0, 0, 0, 2, 6
"c:\Users\Dabz\Desktop\Dev\sl.itzdabbzz.me\packages\core\app\(auth)\forget-password\page.tsx", "TypeScript JSX", 0, 0, 0, 0, 0, 0, 0, 0, 120, 0, 1, 7, 128
"c:\Users\Dabz\Desktop\Dev\sl.itzdabbzz.me\packages\core\app\(auth)\reset-password\page.tsx", "TypeScript JSX", 0, 0, 0, 0, 0, 0, 0, 0, 93, 0, 0, 3, 96
"c:\Users\Dabz\Desktop\Dev\sl.itzdabbzz.me\packages\core\app\(auth)\sign-in\loading.tsx", "TypeScript JSX", 0, 0, 0, 0, 0, 0, 0, 0, 16, 0, 0, 1, 17
"c:\Users\Dabz\Desktop\Dev\sl.itzdabbzz.me\packages\core\app\(auth)\sign-in\page.tsx", "TypeScript JSX", 0, 0, 0, 0, 0, 0, 0, 0, 48, 0, 0, 4, 52
"c:\Users\Dabz\Desktop\Dev\sl.itzdabbzz.me\packages\core\app\(auth)\two-factor\otp\page.tsx", "TypeScript JSX", 0, 0, 0, 0, 0, 0, 0, 0, 101, 0, 2, 6, 109
"c:\Users\Dabz\Desktop\Dev\sl.itzdabbzz.me\packages\core\app\(auth)\two-factor\page.tsx", "TypeScript JSX", 0, 0, 0, 0, 0, 0, 0, 0, 93, 0, 0, 5, 98
"c:\Users\Dabz\Desktop\Dev\sl.itzdabbzz.me\packages\core\app\accept-invitation\[id]\invitation-error.tsx", "TypeScript JSX", 0, 0, 0, 0, 0, 0, 0, 0, 42, 0, 0, 2, 44
"c:\Users\Dabz\Desktop\Dev\sl.itzdabbzz.me\packages\core\app\accept-invitation\[id]\page.tsx", "TypeScript JSX", 0, 0, 0, 0, 0, 0, 0, 0, 173, 0, 0, 10, 183
"c:\Users\Dabz\Desktop\Dev\sl.itzdabbzz.me\packages\core\app\api-docs\page.tsx", "TypeScript JSX", 0, 0, 0, 0, 0, 0, 0, 0, 177, 0, 1, 9, 187
"c:\Users\Dabz\Desktop\Dev\sl.itzdabbzz.me\packages\core\app\api\admin\users\[id]\route.ts", "TypeScript", 0, 0, 0, 0, 47, 0, 0, 0, 0, 0, 1, 7, 55
"c:\Users\Dabz\Desktop\Dev\sl.itzdabbzz.me\packages\core\app\api\auth\[...all]\route.ts", "TypeScript", 0, 0, 0, 0, 3, 0, 0, 0, 0, 0, 0, 2, 5
"c:\Users\Dabz\Desktop\Dev\sl.itzdabbzz.me\packages\core\app\api\creator\apikeys\route.ts", "TypeScript", 0, 0, 0, 0, 52, 0, 0, 0, 0, 0, 0, 11, 63
"c:\Users\Dabz\Desktop\Dev\sl.itzdabbzz.me\packages\core\app\api\creator\blog\route.ts", "TypeScript", 0, 0, 0, 0, 170, 0, 0, 0, 0, 0, 5, 19, 194
"c:\Users\Dabz\Desktop\Dev\sl.itzdabbzz.me\packages\core\app\api\creator\configs\route.ts", "TypeScript", 0, 0, 0, 0, 26, 0, 0, 0, 0, 0, 0, 7, 33
"c:\Users\Dabz\Desktop\Dev\sl.itzdabbzz.me\packages\core\app\api\creator\entitlements\route.ts", "TypeScript", 0, 0, 0, 0, 25, 0, 0, 0, 0, 0, 1, 7, 33
"c:\Users\Dabz\Desktop\Dev\sl.itzdabbzz.me\packages\core\app\api\creator\instances\[id]\token\revoke\route.ts", "TypeScript", 0, 0, 0, 0, 32, 0, 0, 0, 0, 0, 0, 6, 38
"c:\Users\Dabz\Desktop\Dev\sl.itzdabbzz.me\packages\core\app\api\creator\instances\[id]\token\rotate\route.ts", "TypeScript", 0, 0, 0, 0, 37, 0, 0, 0, 0, 0, 0, 7, 44
"c:\Users\Dabz\Desktop\Dev\sl.itzdabbzz.me\packages\core\app\api\creator\instances\route.ts", "TypeScript", 0, 0, 0, 0, 30, 0, 0, 0, 0, 0, 1, 8, 39
"c:\Users\Dabz\Desktop\Dev\sl.itzdabbzz.me\packages\core\app\api\creator\master-objects\[id]\route.ts", "TypeScript", 0, 0, 0, 0, 93, 0, 0, 0, 0, 0, 0, 9, 102
"c:\Users\Dabz\Desktop\Dev\sl.itzdabbzz.me\packages\core\app\api\creator\master-objects\[id]\versions\route.ts", "TypeScript", 0, 0, 0, 0, 36, 0, 0, 0, 0, 0, 0, 7, 43
"c:\Users\Dabz\Desktop\Dev\sl.itzdabbzz.me\packages\core\app\api\creator\master-objects\route.ts", "TypeScript", 0, 0, 0, 0, 49, 0, 0, 0, 0, 0, 0, 8, 57
"c:\Users\Dabz\Desktop\Dev\sl.itzdabbzz.me\packages\core\app\api\creator\webhooks\[id]\route.ts", "TypeScript", 0, 0, 0, 0, 44, 0, 0, 0, 0, 0, 0, 7, 51
"c:\Users\Dabz\Desktop\Dev\sl.itzdabbzz.me\packages\core\app\api\creator\webhooks\route.ts", "TypeScript", 0, 0, 0, 0, 38, 0, 0, 0, 0, 0, 0, 8, 46
"c:\Users\Dabz\Desktop\Dev\sl.itzdabbzz.me\packages\core\app\api\creator\webhooks\test\route.ts", "TypeScript", 0, 0, 0, 0, 18, 0, 0, 0, 0, 0, 0, 4, 22
"c:\Users\Dabz\Desktop\Dev\sl.itzdabbzz.me\packages\core\app\api\docs.ts", "TypeScript", 0, 0, 0, 0, 0, 0, 0, 0, 0, 0, 0, 1, 1
"c:\Users\Dabz\Desktop\Dev\sl.itzdabbzz.me\packages\core\app\api\docs\route.ts", "TypeScript", 0, 0, 0, 0, 272, 0, 0, 0, 0, 0, 2, 13, 287
"c:\Users\Dabz\Desktop\Dev\sl.itzdabbzz.me\packages\core\app\api\protected\route.ts", "TypeScript", 0, 0, 0, 0, 43, 0, 0, 0, 0, 0, 3, 7, 53
"c:\Users\Dabz\Desktop\Dev\sl.itzdabbzz.me\packages\core\app\api\public\blog\[postId]\rating\route.ts", "TypeScript", 0, 0, 0, 0, 132, 0, 0, 0, 0, 0, 10, 18, 160
"c:\Users\Dabz\Desktop\Dev\sl.itzdabbzz.me\packages\core\app\api\public\marketplace\categories\route.ts", "TypeScript", 0, 0, 0, 0, 17, 0, 0, 0, 0, 0, 0, 3, 20
"c:\Users\Dabz\Desktop\Dev\sl.itzdabbzz.me\packages\core\app\api\public\marketplace\items\route.ts", "TypeScript", 0, 0, 0, 0, 82, 0, 0, 0, 0, 0, 4, 9, 95
"c:\Users\Dabz\Desktop\Dev\sl.itzdabbzz.me\packages\core\app\api\sl\entitlements\route.ts", "TypeScript", 0, 0, 0, 0, 65, 0, 0, 0, 0, 0, 2, 8, 75
"c:\Users\Dabz\Desktop\Dev\sl.itzdabbzz.me\packages\core\app\api\sl\instances\[id]\config\route.ts", "TypeScript", 0, 0, 0, 0, 102, 0, 0, 0, 0, 0, 4, 21, 127
"c:\Users\Dabz\Desktop\Dev\sl.itzdabbzz.me\packages\core\app\api\sl\instances\[id]\route.ts", "TypeScript", 0, 0, 0, 0, 29, 0, 0, 0, 0, 0, 0, 5, 34
"c:\Users\Dabz\Desktop\Dev\sl.itzdabbzz.me\packages\core\app\api\sl\instances\[id]\snapshots\[snapshotId]\restore\route.ts", "TypeScript", 0, 0, 0, 0, 64, 0, 0, 0, 0, 0, 2, 12, 78
"c:\Users\Dabz\Desktop\Dev\sl.itzdabbzz.me\packages\core\app\api\sl\instances\[id]\token\rotate\route.ts", "TypeScript", 0, 0, 0, 0, 25, 0, 0, 0, 0, 0, 0, 6, 31
"c:\Users\Dabz\Desktop\Dev\sl.itzdabbzz.me\packages\core\app\api\sl\register\route.ts", "TypeScript", 0, 0, 0, 0, 76, 0, 0, 0, 0, 0, 4, 12, 92
"c:\Users\Dabz\Desktop\Dev\sl.itzdabbzz.me\packages\core\app\api\tools\marketplace\admin\route.ts", "TypeScript", 0, 0, 0, 0, 16, 0, 0, 0, 0, 0, 0, 3, 19
"c:\Users\Dabz\Desktop\Dev\sl.itzdabbzz.me\packages\core\app\api\tools\marketplace\categories\[id]\route.ts", "TypeScript", 0, 0, 0, 0, 42, 0, 0, 0, 0, 0, 2, 4, 48
"c:\Users\Dabz\Desktop\Dev\sl.itzdabbzz.me\packages\core\app\api\tools\marketplace\categories\route.ts", "TypeScript", 0, 0, 0, 0, 61, 0, 0, 0, 0, 0, 1, 4, 66
"c:\Users\Dabz\Desktop\Dev\sl.itzdabbzz.me\packages\core\app\api\tools\marketplace\items\[id]\categories\route.ts", "TypeScript", 0, 0, 0, 0, 67, 0, 0, 0, 0, 0, 3, 10, 80
"c:\Users\Dabz\Desktop\Dev\sl.itzdabbzz.me\packages\core\app\api\tools\marketplace\items\categories\batch\route.ts", "TypeScript", 0, 0, 0, 0, 30, 0, 0, 0, 0, 0, 3, 5, 38
"c:\Users\Dabz\Desktop\Dev\sl.itzdabbzz.me\packages\core\app\api\tools\marketplace\items\categories\route.ts", "TypeScript", 0, 0, 0, 0, 24, 0, 0, 0, 0, 0, 1, 4, 29
"c:\Users\Dabz\Desktop\Dev\sl.itzdabbzz.me\packages\core\app\api\tools\marketplace\items\route.ts", "TypeScript", 0, 0, 0, 0, 227, 0, 0, 0, 0, 0, 12, 27, 266
"c:\Users\Dabz\Desktop\Dev\sl.itzdabbzz.me\packages\core\app\api\webhooks.ts", "TypeScript", 0, 0, 0, 0, 13, 0, 0, 0, 0, 0, 1, 4, 18
"c:\Users\Dabz\Desktop\Dev\sl.itzdabbzz.me\packages\core\app\apps\register\page.tsx", "TypeScript JSX", 0, 0, 0, 0, 0, 0, 0, 0, 107, 0, 0, 7, 114
"c:\Users\Dabz\Desktop\Dev\sl.itzdabbzz.me\packages\core\app\blog\[slug]\page.tsx", "TypeScript JSX", 0, 0, 0, 0, 0, 0, 0, 0, 171, 0, 0, 2, 173
"c:\Users\Dabz\Desktop\Dev\sl.itzdabbzz.me\packages\core\app\blog\page.tsx", "TypeScript JSX", 0, 0, 0, 0, 0, 0, 0, 0, 300, 0, 12, 23, 335
"c:\Users\Dabz\Desktop\Dev\sl.itzdabbzz.me\packages\core\app\dashboard\admin\AdminDashboard.tsx", "TypeScript JSX", 0, 0, 0, 0, 0, 0, 0, 0, 1132, 0, 14, 36, 1182
"c:\Users\Dabz\Desktop\Dev\sl.itzdabbzz.me\packages\core\app\dashboard\admin\page.tsx", "TypeScript JSX", 0, 0, 0, 0, 0, 0, 0, 0, 16, 0, 0, 2, 18
"c:\Users\Dabz\Desktop\Dev\sl.itzdabbzz.me\packages\core\app\dashboard\apikeys\components\table.tsx", "TypeScript JSX", 0, 0, 0, 0, 0, 0, 0, 0, 45, 0, 0, 4, 49
"c:\Users\Dabz\Desktop\Dev\sl.itzdabbzz.me\packages\core\app\dashboard\apikeys\page.tsx", "TypeScript JSX", 0, 0, 0, 0, 0, 0, 0, 0, 65, 0, 2, 6, 73
"c:\Users\Dabz\Desktop\Dev\sl.itzdabbzz.me\packages\core\app\dashboard\blog\categories\page.tsx", "TypeScript JSX", 0, 0, 0, 0, 0, 0, 0, 0, 296, 0, 1, 21, 318
"c:\Users\Dabz\Desktop\Dev\sl.itzdabbzz.me\packages\core\app\dashboard\blog\edit\[id]\page.tsx", "TypeScript JSX", 0, 0, 0, 0, 0, 0, 0, 0, 143, 0, 0, 10, 153
"c:\Users\Dabz\Desktop\Dev\sl.itzdabbzz.me\packages\core\app\dashboard\blog\manage\page.tsx", "TypeScript JSX", 0, 0, 0, 0, 0, 0, 0, 0, 301, 0, 3, 13, 317
"c:\Users\Dabz\Desktop\Dev\sl.itzdabbzz.me\packages\core\app\dashboard\blog\new\page.tsx", "TypeScript JSX", 0, 0, 0, 0, 0, 0, 0, 0, 112, 0, 0, 8, 120
"c:\Users\Dabz\Desktop\Dev\sl.itzdabbzz.me\packages\core\app\dashboard\blog\page.tsx", "TypeScript JSX", 0, 0, 0, 0, 0, 0, 0, 0, 164, 0, 0, 7, 171
"c:\Users\Dabz\Desktop\Dev\sl.itzdabbzz.me\packages\core\app\dashboard\blog\settings\page.tsx", "TypeScript JSX", 0, 0, 0, 0, 0, 0, 0, 0, 234, 0, 1, 16, 251
"c:\Users\Dabz\Desktop\Dev\sl.itzdabbzz.me\packages\core\app\dashboard\configs\components\table.tsx", "TypeScript JSX", 0, 0, 0, 0, 0, 0, 0, 0, 36, 0, 0, 4, 40
"c:\Users\Dabz\Desktop\Dev\sl.itzdabbzz.me\packages\core\app\dashboard\configs\page.tsx", "TypeScript JSX", 0, 0, 0, 0, 0, 0, 0, 0, 31, 0, 0, 4, 35
"c:\Users\Dabz\Desktop\Dev\sl.itzdabbzz.me\packages\core\app\dashboard\entitlements\components\table.tsx", "TypeScript JSX", 0, 0, 0, 0, 0, 0, 0, 0, 39, 0, 0, 4, 43
"c:\Users\Dabz\Desktop\Dev\sl.itzdabbzz.me\packages\core\app\dashboard\entitlements\page.tsx", "TypeScript JSX", 0, 0, 0, 0, 0, 0, 0, 0, 31, 0, 0, 4, 35
"c:\Users\Dabz\Desktop\Dev\sl.itzdabbzz.me\packages\core\app\dashboard\instances\components\table.tsx", "TypeScript JSX", 0, 0, 0, 0, 0, 0, 0, 0, 52, 0, 0, 5, 57
"c:\Users\Dabz\Desktop\Dev\sl.itzdabbzz.me\packages\core\app\dashboard\instances\page.tsx", "TypeScript JSX", 0, 0, 0, 0, 0, 0, 0, 0, 30, 0, 0, 4, 34
"c:\Users\Dabz\Desktop\Dev\sl.itzdabbzz.me\packages\core\app\dashboard\layout.tsx", "TypeScript JSX", 0, 0, 0, 0, 0, 0, 0, 0, 5, 0, 0, 2, 7
"c:\Users\Dabz\Desktop\Dev\sl.itzdabbzz.me\packages\core\app\dashboard\objects\[id]\page.tsx", "TypeScript JSX", 0, 0, 0, 0, 0, 0, 0, 0, 49, 0, 0, 5, 54
"c:\Users\Dabz\Desktop\Dev\sl.itzdabbzz.me\packages\core\app\dashboard\objects\components\columns.tsx", "TypeScript JSX", 0, 0, 0, 0, 0, 0, 0, 0, 40, 0, 0, 4, 44
"c:\Users\Dabz\Desktop\Dev\sl.itzdabbzz.me\packages\core\app\dashboard\objects\new\page.tsx", "TypeScript JSX", 0, 0, 0, 0, 0, 0, 0, 0, 44, 0, 0, 4, 48
"c:\Users\Dabz\Desktop\Dev\sl.itzdabbzz.me\packages\core\app\dashboard\objects\page.tsx", "TypeScript JSX", 0, 0, 0, 0, 0, 0, 0, 0, 35, 0, 0, 4, 39
"c:\Users\Dabz\Desktop\Dev\sl.itzdabbzz.me\packages\core\app\dashboard\page.tsx", "TypeScript JSX", 0, 0, 0, 0, 0, 0, 0, 0, 34, 0, 0, 5, 39
"c:\Users\Dabz\Desktop\Dev\sl.itzdabbzz.me\packages\core\app\dashboard\tools\marketplace-scrape\Importer.tsx", "TypeScript JSX", 0, 0, 0, 0, 0, 0, 0, 0, 145, 0, 0, 13, 158
"c:\Users\Dabz\Desktop\Dev\sl.itzdabbzz.me\packages\core\app\dashboard\tools\marketplace-scrape\Scraper.tsx", "TypeScript JSX", 0, 0, 0, 0, 0, 0, 0, 0, 123, 0, 2, 16, 141
"c:\Users\Dabz\Desktop\Dev\sl.itzdabbzz.me\packages\core\app\dashboard\tools\marketplace-scrape\page.tsx", "TypeScript JSX", 0, 0, 0, 0, 0, 0, 0, 0, 44, 0, 0, 6, 50
"c:\Users\Dabz\Desktop\Dev\sl.itzdabbzz.me\packages\core\app\dashboard\tools\marketplace\categories\CategoriesEditor.tsx", "TypeScript JSX", 0, 0, 0, 0, 0, 0, 0, 0, 588, 0, 35, 23, 646
"c:\Users\Dabz\Desktop\Dev\sl.itzdabbzz.me\packages\core\app\dashboard\tools\marketplace\categories\page.tsx", "TypeScript JSX", 0, 0, 0, 0, 0, 0, 0, 0, 33, 0, 0, 5, 38
"c:\Users\Dabz\Desktop\Dev\sl.itzdabbzz.me\packages\core\app\dashboard\tools\marketplace\explorer\Explorer.tsx", "TypeScript JSX", 0, 0, 0, 0, 0, 0, 0, 0, 731, 0, 19, 20, 770
"c:\Users\Dabz\Desktop\Dev\sl.itzdabbzz.me\packages\core\app\dashboard\tools\marketplace\explorer\page.tsx", "TypeScript JSX", 0, 0, 0, 0, 0, 0, 0, 0, 33, 0, 0, 5, 38
"c:\Users\Dabz\Desktop\Dev\sl.itzdabbzz.me\packages\core\app\dashboard\tools\marketplace\page.tsx", "TypeScript JSX", 0, 0, 0, 0, 0, 0, 0, 0, 5, 0, 0, 3, 8
"c:\Users\Dabz\Desktop\Dev\sl.itzdabbzz.me\packages\core\app\dashboard\userprofile\api-card.tsx", "TypeScript JSX", 0, 0, 0, 0, 0, 0, 0, 0, 10, 0, 0, 2, 12
"c:\Users\Dabz\Desktop\Dev\sl.itzdabbzz.me\packages\core\app\dashboard\userprofile\organization-card.tsx", "TypeScript JSX", 0, 0, 0, 0, 0, 0, 0, 0, 895, 0, 7, 22, 924
"c:\Users\Dabz\Desktop\Dev\sl.itzdabbzz.me\packages\core\app\dashboard\userprofile\page.tsx", "TypeScript JSX", 0, 0, 0, 0, 0, 0, 0, 0, 37, 0, 0, 4, 41
"c:\Users\Dabz\Desktop\Dev\sl.itzdabbzz.me\packages\core\app\dashboard\userprofile\user-card.tsx", "TypeScript JSX", 0, 0, 0, 0, 0, 0, 0, 0, 887, 0, 2, 18, 907
"c:\Users\Dabz\Desktop\Dev\sl.itzdabbzz.me\packages\core\app\dashboard\webhooks\components\table.tsx", "TypeScript JSX", 0, 0, 0, 0, 0, 0, 0, 0, 43, 0, 0, 4, 47
"c:\Users\Dabz\Desktop\Dev\sl.itzdabbzz.me\packages\core\app\dashboard\webhooks\page.tsx", "TypeScript JSX", 0, 0, 0, 0, 0, 0, 0, 0, 78, 0, 0, 7, 85
"c:\Users\Dabz\Desktop\Dev\sl.itzdabbzz.me\packages\core\app\debug\api-keys\page.tsx", "TypeScript JSX", 0, 0, 0, 0, 0, 0, 0, 0, 14, 0, 0, 3, 17
"c:\Users\Dabz\Desktop\Dev\sl.itzdabbzz.me\packages\core\app\debug\client-test\page.tsx", "TypeScript JSX", 0, 0, 0, 0, 0, 0, 0, 0, 190, 0, 4, 10, 204
"c:\Users\Dabz\Desktop\Dev\sl.itzdabbzz.me\packages\core\app\globals.css", "PostCSS", 0, 0, 0, 0, 0, 0, 0, 0, 0, 233, 2, 10, 245
"c:\Users\Dabz\Desktop\Dev\sl.itzdabbzz.me\packages\core\app\layout.tsx", "TypeScript JSX", 0, 0, 0, 0, 0, 0, 0, 0, 36, 0, 0, 3, 39
"c:\Users\Dabz\Desktop\Dev\sl.itzdabbzz.me\packages\core\app\marketplace\ClientExplorer.tsx", "TypeScript JSX", 0, 0, 0, 0, 0, 0, 0, 0, 1237, 0, 34, 50, 1321
"c:\Users\Dabz\Desktop\Dev\sl.itzdabbzz.me\packages\core\app\marketplace\page.tsx", "TypeScript JSX", 0, 0, 0, 0, 0, 0, 0, 0, 9, 0, 0, 2, 11
"c:\Users\Dabz\Desktop\Dev\sl.itzdabbzz.me\packages\core\app\oauth\authorize\concet-buttons.tsx", "TypeScript JSX", 0, 0, 0, 0, 0, 0, 0, 0, 45, 0, 0, 3, 48
"c:\Users\Dabz\Desktop\Dev\sl.itzdabbzz.me\packages\core\app\oauth\authorize\page.tsx", "TypeScript JSX", 0, 0, 0, 0, 0, 0, 0, 0, 105, 0, 1, 8, 114
"c:\Users\Dabz\Desktop\Dev\sl.itzdabbzz.me\packages\core\app\page.tsx", "TypeScript JSX", 0, 0, 0, 0, 0, 0, 0, 0, 468, 0, 12, 39, 519
"c:\Users\Dabz\Desktop\Dev\sl.itzdabbzz.me\packages\core\components.json", "JSON", 0, 21, 0, 0, 0, 0, 0, 0, 0, 0, 0, 1, 22
"c:\Users\Dabz\Desktop\Dev\sl.itzdabbzz.me\packages\core\components\account-switch.tsx", "TypeScript JSX", 0, 0, 0, 0, 0, 0, 0, 0, 120, 0, 0, 3, 123
"c:\Users\Dabz\Desktop\Dev\sl.itzdabbzz.me\packages\core\components\api-key-manager.tsx", "TypeScript JSX", 0, 0, 0, 0, 0, 0, 0, 0, 497, 0, 16, 38, 551
"c:\Users\Dabz\Desktop\Dev\sl.itzdabbzz.me\packages\core\components\app-shell.tsx", "TypeScript JSX", 0, 0, 0, 0, 0, 0, 0, 0, 225, 0, 9, 11, 245
"c:\Users\Dabz\Desktop\Dev\sl.itzdabbzz.me\packages\core\components\blocks\pricing.tsx", "TypeScript JSX", 0, 0, 0, 0, 0, 0, 0, 0, 217, 0, 0, 19, 236
"c:\Users\Dabz\Desktop\Dev\sl.itzdabbzz.me\packages\core\components\blog\category-sidebar.tsx", "TypeScript JSX", 0, 0, 0, 0, 0, 0, 0, 0, 65, 0, 0, 5, 70
"c:\Users\Dabz\Desktop\Dev\sl.itzdabbzz.me\packages\core\components\blog\email-template-editor.tsx", "TypeScript JSX", 0, 0, 0, 0, 0, 0, 0, 0, 87, 0, 0, 7, 94
"c:\Users\Dabz\Desktop\Dev\sl.itzdabbzz.me\packages\core\components\blog\rating.tsx", "TypeScript JSX", 0, 0, 0, 0, 0, 0, 0, 0, 102, 0, 4, 9, 115
"c:\Users\Dabz\Desktop\Dev\sl.itzdabbzz.me\packages\core\components\blog\toc.tsx", "TypeScript JSX", 0, 0, 0, 0, 0, 0, 0, 0, 91, 0, 3, 10, 104
"c:\Users\Dabz\Desktop\Dev\sl.itzdabbzz.me\packages\core\components\logo.tsx", "TypeScript JSX", 0, 0, 0, 0, 0, 0, 0, 0, 6, 0, 0, 2, 8
"c:\Users\Dabz\Desktop\Dev\sl.itzdabbzz.me\packages\core\components\logout-button.tsx", "TypeScript JSX", 0, 0, 0, 0, 0, 0, 0, 0, 35, 0, 1, 4, 40
"c:\Users\Dabz\Desktop\Dev\sl.itzdabbzz.me\packages\core\components\markdown.tsx", "TypeScript JSX", 0, 0, 0, 0, 0, 0, 0, 0, 155, 0, 1, 5, 161
"c:\Users\Dabz\Desktop\Dev\sl.itzdabbzz.me\packages\core\components\one-tap.tsx", "TypeScript JSX", 0, 0, 0, 0, 0, 0, 0, 0, 210, 0, 0, 6, 216
"c:\Users\Dabz\Desktop\Dev\sl.itzdabbzz.me\packages\core\components\pickers\org-team-picker.tsx", "TypeScript JSX", 0, 0, 0, 0, 0, 0, 0, 0, 185, 0, 7, 12, 204
"c:\Users\Dabz\Desktop\Dev\sl.itzdabbzz.me\packages\core\components\pickers\team-picker.tsx", "TypeScript JSX", 0, 0, 0, 0, 0, 0, 0, 0, 142, 0, 11, 12, 165
"c:\Users\Dabz\Desktop\Dev\sl.itzdabbzz.me\packages\core\components\pickers\user-picker.tsx", "TypeScript JSX", 0, 0, 0, 0, 0, 0, 0, 0, 176, 0, 6, 11, 193
"c:\Users\Dabz\Desktop\Dev\sl.itzdabbzz.me\packages\core\components\sign-in-btn.tsx", "TypeScript JSX", 0, 0, 0, 0, 0, 0, 0, 0, 82, 0, 1, 5, 88
"c:\Users\Dabz\Desktop\Dev\sl.itzdabbzz.me\packages\core\components\sign-in.tsx", "TypeScript JSX", 0, 0, 0, 0, 0, 0, 0, 0, 214, 0, 1, 10, 225
"c:\Users\Dabz\Desktop\Dev\sl.itzdabbzz.me\packages\core\components\sign-up.tsx", "TypeScript JSX", 0, 0, 0, 0, 0, 0, 0, 0, 210, 0, 0, 6, 216
"c:\Users\Dabz\Desktop\Dev\sl.itzdabbzz.me\packages\core\components\theme-provider.tsx", "TypeScript JSX", 0, 0, 0, 0, 0, 0, 0, 0, 11, 0, 0, 2, 13
"c:\Users\Dabz\Desktop\Dev\sl.itzdabbzz.me\packages\core\components\theme-toggle.tsx", "TypeScript JSX", 0, 0, 0, 0, 0, 0, 0, 0, 18, 0, 0, 4, 22
"c:\Users\Dabz\Desktop\Dev\sl.itzdabbzz.me\packages\core\components\ui\accordion.tsx", "TypeScript JSX", 0, 0, 0, 0, 0, 0, 0, 0, 61, 0, 0, 8, 69
"c:\Users\Dabz\Desktop\Dev\sl.itzdabbzz.me\packages\core\components\ui\alert-dialog.tsx", "TypeScript JSX", 0, 0, 0, 0, 0, 0, 0, 0, 147, 0, 0, 15, 162
"c:\Users\Dabz\Desktop\Dev\sl.itzdabbzz.me\packages\core\components\ui\alert.tsx", "TypeScript JSX", 0, 0, 0, 0, 0, 0, 0, 0, 60, 0, 0, 7, 67
"c:\Users\Dabz\Desktop\Dev\sl.itzdabbzz.me\packages\core\components\ui\aspect-ratio.tsx", "TypeScript JSX", 0, 0, 0, 0, 0, 0, 0, 0, 4, 0, 0, 4, 8
"c:\Users\Dabz\Desktop\Dev\sl.itzdabbzz.me\packages\core\components\ui\avatar.tsx", "TypeScript JSX", 0, 0, 0, 0, 0, 0, 0, 0, 47, 0, 0, 7, 54
"c:\Users\Dabz\Desktop\Dev\sl.itzdabbzz.me\packages\core\components\ui\badge.tsx", "TypeScript JSX", 0, 0, 0, 0, 0, 0, 0, 0, 31, 0, 0, 6, 37
"c:\Users\Dabz\Desktop\Dev\sl.itzdabbzz.me\packages\core\components\ui\breadcrumb.tsx", "TypeScript JSX", 0, 0, 0, 0, 0, 0, 0, 0, 106, 0, 0, 11, 117
"c:\Users\Dabz\Desktop\Dev\sl.itzdabbzz.me\packages\core\components\ui\button.tsx", "TypeScript JSX", 0, 0, 0, 0, 0, 0, 0, 0, 55, 0, 0, 6, 61
"c:\Users\Dabz\Desktop\Dev\sl.itzdabbzz.me\packages\core\components\ui\calendar.tsx", "TypeScript JSX", 0, 0, 0, 0, 0, 0, 0, 0, 67, 0, 0, 6, 73
"c:\Users\Dabz\Desktop\Dev\sl.itzdabbzz.me\packages\core\components\ui\canvas-reveal-effect.tsx", "TypeScript JSX", 0, 0, 0, 0, 0, 0, 0, 0, 287, 0, 5, 17, 309
"c:\Users\Dabz\Desktop\Dev\sl.itzdabbzz.me\packages\core\components\ui\card.tsx", "TypeScript JSX", 0, 0, 0, 0, 0, 0, 0, 0, 61, 0, 0, 9, 70
"c:\Users\Dabz\Desktop\Dev\sl.itzdabbzz.me\packages\core\components\ui\carousel.tsx", "TypeScript JSX", 0, 0, 0, 0, 0, 0, 0, 0, 241, 0, 0, 31, 272
"c:\Users\Dabz\Desktop\Dev\sl.itzdabbzz.me\packages\core\components\ui\chart.tsx", "TypeScript JSX", 0, 0, 0, 0, 0, 0, 0, 0, 300, 0, 2, 37, 339
"c:\Users\Dabz\Desktop\Dev\sl.itzdabbzz.me\packages\core\components\ui\checkbox.tsx", "TypeScript JSX", 0, 0, 0, 0, 0, 0, 0, 0, 28, 0, 0, 5, 33
"c:\Users\Dabz\Desktop\Dev\sl.itzdabbzz.me\packages\core\components\ui\collapsible.tsx", "TypeScript JSX", 0, 0, 0, 0, 0, 0, 0, 0, 6, 0, 0, 6, 12
"c:\Users\Dabz\Desktop\Dev\sl.itzdabbzz.me\packages\core\components\ui\command.tsx", "TypeScript JSX", 0, 0, 0, 0, 0, 0, 0, 0, 165, 0, 0, 13, 178
"c:\Users\Dabz\Desktop\Dev\sl.itzdabbzz.me\packages\core\components\ui\context-menu.tsx", "TypeScript JSX", 0, 0, 0, 0, 0, 0, 0, 0, 199, 0, 0, 19, 218
"c:\Users\Dabz\Desktop\Dev\sl.itzdabbzz.me\packages\core\components\ui\copy-button.tsx", "TypeScript JSX", 0, 0, 0, 0, 0, 0, 0, 0, 53, 0, 0, 6, 59
"c:\Users\Dabz\Desktop\Dev\sl.itzdabbzz.me\packages\core\components\ui\dialog.tsx", "TypeScript JSX", 0, 0, 0, 0, 0, 0, 0, 0, 122, 0, 0, 14, 136
"c:\Users\Dabz\Desktop\Dev\sl.itzdabbzz.me\packages\core\components\ui\drawer.tsx", "TypeScript JSX", 0, 0, 0, 0, 0, 0, 0, 0, 118, 0, 0, 14, 132
"c:\Users\Dabz\Desktop\Dev\sl.itzdabbzz.me\packages\core\components\ui\dropdown-menu.tsx", "TypeScript JSX", 0, 0, 0, 0, 0, 0, 0, 0, 239, 0, 0, 19, 258
"c:\Users\Dabz\Desktop\Dev\sl.itzdabbzz.me\packages\core\components\ui\form.tsx", "TypeScript JSX", 0, 0, 0, 0, 0, 0, 0, 0, 169, 0, 0, 26, 195
"c:\Users\Dabz\Desktop\Dev\sl.itzdabbzz.me\packages\core\components\ui\hover-card.tsx", "TypeScript JSX", 0, 0, 0, 0, 0, 0, 0, 0, 28, 0, 0, 7, 35
"c:\Users\Dabz\Desktop\Dev\sl.itzdabbzz.me\packages\core\components\ui\input-otp.tsx", "TypeScript JSX", 0, 0, 0, 0, 0, 0, 0, 0, 69, 0, 0, 9, 78
"c:\Users\Dabz\Desktop\Dev\sl.itzdabbzz.me\packages\core\components\ui\input.tsx", "TypeScript JSX", 0, 0, 0, 0, 0, 0, 0, 0, 18, 0, 0, 4, 22
"c:\Users\Dabz\Desktop\Dev\sl.itzdabbzz.me\packages\core\components\ui\label.tsx", "TypeScript JSX", 0, 0, 0, 0, 0, 0, 0, 0, 20, 0, 0, 5, 25
"c:\Users\Dabz\Desktop\Dev\sl.itzdabbzz.me\packages\core\components\ui\menubar.tsx", "TypeScript JSX", 0, 0, 0, 0, 0, 0, 0, 0, 228, 0, 0, 20, 248
"c:\Users\Dabz\Desktop\Dev\sl.itzdabbzz.me\packages\core\components\ui\navigation-menu.tsx", "TypeScript JSX", 0, 0, 0, 0, 0, 0, 0, 0, 145, 0, 0, 12, 157
"c:\Users\Dabz\Desktop\Dev\sl.itzdabbzz.me\packages\core\components\ui\pagination.tsx", "TypeScript JSX", 0, 0, 0, 0, 0, 0, 0, 0, 115, 0, 0, 11, 126
"c:\Users\Dabz\Desktop\Dev\sl.itzdabbzz.me\packages\core\components\ui\password-input.tsx", "TypeScript JSX", 0, 0, 0, 0, 0, 0, 0, 0, 55, 0, 1, 7, 63
"c:\Users\Dabz\Desktop\Dev\sl.itzdabbzz.me\packages\core\components\ui\popover.tsx", "TypeScript JSX", 0, 0, 0, 0, 0, 0, 0, 0, 41, 0, 0, 8, 49
"c:\Users\Dabz\Desktop\Dev\sl.itzdabbzz.me\packages\core\components\ui\progress.tsx", "TypeScript JSX", 0, 0, 0, 0, 0, 0, 0, 0, 28, 0, 0, 5, 33
"c:\Users\Dabz\Desktop\Dev\sl.itzdabbzz.me\packages\core\components\ui\radio-group.tsx", "TypeScript JSX", 0, 0, 0, 0, 0, 0, 0, 0, 40, 0, 0, 6, 46
"c:\Users\Dabz\Desktop\Dev\sl.itzdabbzz.me\packages\core\components\ui\resizable.tsx", "TypeScript JSX", 0, 0, 0, 0, 0, 0, 0, 0, 39, 0, 0, 7, 46
"c:\Users\Dabz\Desktop\Dev\sl.itzdabbzz.me\packages\core\components\ui\scroll-area.tsx", "TypeScript JSX", 0, 0, 0, 0, 0, 0, 0, 0, 43, 0, 0, 6, 49
"c:\Users\Dabz\Desktop\Dev\sl.itzdabbzz.me\packages\core\components\ui\select.tsx", "TypeScript JSX", 0, 0, 0, 0, 0, 0, 0, 0, 146, 0, 0, 14, 160
"c:\Users\Dabz\Desktop\Dev\sl.itzdabbzz.me\packages\core\components\ui\separator.tsx", "TypeScript JSX", 0, 0, 0, 0, 0, 0, 0, 0, 27, 0, 0, 5, 32
"c:\Users\Dabz\Desktop\Dev\sl.itzdabbzz.me\packages\core\components\ui\sheet.tsx", "TypeScript JSX", 0, 0, 0, 0, 0, 0, 0, 0, 139, 0, 0, 16, 155
"c:\Users\Dabz\Desktop\Dev\sl.itzdabbzz.me\packages\core\components\ui\skeleton.tsx", "TypeScript JSX", 0, 0, 0, 0, 0, 0, 0, 0, 13, 0, 0, 3, 16
"c:\Users\Dabz\Desktop\Dev\sl.itzdabbzz.me\packages\core\components\ui\slider.tsx", "TypeScript JSX", 0, 0, 0, 0, 0, 0, 0, 0, 27, 0, 0, 5, 32
"c:\Users\Dabz\Desktop\Dev\sl.itzdabbzz.me\packages\core\components\ui\sonner.tsx", "TypeScript JSX", 0, 0, 0, 0, 0, 0, 0, 0, 26, 0, 0, 6, 32
"c:\Users\Dabz\Desktop\Dev\sl.itzdabbzz.me\packages\core\components\ui\switch.tsx", "TypeScript JSX", 0, 0, 0, 0, 0, 0, 0, 0, 25, 0, 0, 5, 30
"c:\Users\Dabz\Desktop\Dev\sl.itzdabbzz.me\packages\core\components\ui\table.tsx", "TypeScript JSX", 0, 0, 0, 0, 0, 0, 0, 0, 105, 0, 0, 12, 117
"c:\Users\Dabz\Desktop\Dev\sl.itzdabbzz.me\packages\core\components\ui\tabs.tsx", "TypeScript JSX", 0, 0, 0, 0, 0, 0, 0, 0, 57, 0, 0, 8, 65
"c:\Users\Dabz\Desktop\Dev\sl.itzdabbzz.me\packages\core\components\ui\tabs2.tsx", "TypeScript JSX", 0, 0, 0, 0, 0, 0, 0, 0, 137, 0, 0, 10, 147
"c:\Users\Dabz\Desktop\Dev\sl.itzdabbzz.me\packages\core\components\ui\textarea.tsx", "TypeScript JSX", 0, 0, 0, 0, 0, 0, 0, 0, 20, 0, 0, 5, 25
"c:\Users\Dabz\Desktop\Dev\sl.itzdabbzz.me\packages\core\components\ui\toast.tsx", "TypeScript JSX", 0, 0, 0, 0, 0, 0, 0, 0, 127, 0, 1, 14, 142
"c:\Users\Dabz\Desktop\Dev\sl.itzdabbzz.me\packages\core\components\ui\toaster.tsx", "TypeScript JSX", 0, 0, 0, 0, 0, 0, 0, 0, 32, 0, 0, 4, 36
"c:\Users\Dabz\Desktop\Dev\sl.itzdabbzz.me\packages\core\components\ui\toggle-group.tsx", "TypeScript JSX", 0, 0, 0, 0, 0, 0, 0, 0, 51, 0, 0, 10, 61
"c:\Users\Dabz\Desktop\Dev\sl.itzdabbzz.me\packages\core\components\ui\toggle.tsx", "TypeScript JSX", 0, 0, 0, 0, 0, 0, 0, 0, 34, 0, 0, 6, 40
"c:\Users\Dabz\Desktop\Dev\sl.itzdabbzz.me\packages\core\components\ui\tooltip.tsx", "TypeScript JSX", 0, 0, 0, 0, 0, 0, 0, 0, 54, 0, 0, 8, 62
"c:\Users\Dabz\Desktop\Dev\sl.itzdabbzz.me\packages\core\components\wip-notice.tsx", "TypeScript JSX", 0, 0, 0, 0, 0, 0, 0, 0, 60, 0, 2, 8, 70
"c:\Users\Dabz\Desktop\Dev\sl.itzdabbzz.me\packages\core\components\wrapper.tsx", "TypeScript JSX", 0, 0, 0, 0, 0, 0, 0, 0, 9, 0, 0, 5, 14
"c:\Users\Dabz\Desktop\Dev\sl.itzdabbzz.me\packages\core\drizzle.config.ts", "TypeScript", 0, 0, 0, 0, 10, 0, 0, 0, 0, 0, 0, 2, 12
"c:\Users\Dabz\Desktop\Dev\sl.itzdabbzz.me\packages\core\drizzle\0000_last_thundra.sql", "MS SQL", 0, 0, 0, 103, 0, 0, 0, 0, 0, 0, 9, 0, 112
"c:\Users\Dabz\Desktop\Dev\sl.itzdabbzz.me\packages\core\drizzle\0001_dark_roughhouse.sql", "MS SQL", 0, 0, 0, 24, 0, 0, 0, 0, 0, 0, 1, 0, 25
"c:\Users\Dabz\Desktop\Dev\sl.itzdabbzz.me\packages\core\drizzle\0002_many_colossus.sql", "MS SQL", 0, 0, 0, 3, 0, 0, 0, 0, 0, 0, 1, 0, 4
"c:\Users\Dabz\Desktop\Dev\sl.itzdabbzz.me\packages\core\drizzle\0003_boring_annihilus.sql", "MS SQL", 0, 0, 0, 25, 0, 0, 0, 0, 0, 0, 3, 0, 28
"c:\Users\Dabz\Desktop\Dev\sl.itzdabbzz.me\packages\core\drizzle\0004_eminent_hawkeye.sql", "MS SQL", 0, 0, 0, 105, 0, 0, 0, 0, 0, 0, 8, 0, 113
"c:\Users\Dabz\Desktop\Dev\sl.itzdabbzz.me\packages\core\drizzle\0005_great_joystick.sql", "MS SQL", 0, 0, 0, 16, 0, 0, 0, 0, 0, 0, 1, 0, 17
"c:\Users\Dabz\Desktop\Dev\sl.itzdabbzz.me\packages\core\drizzle\0006_icy_meggan.sql", "MS SQL", 0, 0, 0, 43, 0, 0, 0, 0, 0, 0, 3, 0, 46
"c:\Users\Dabz\Desktop\Dev\sl.itzdabbzz.me\packages\core\drizzle\0006_mp_scope_text.sql", "MS SQL", 0, 0, 0, 8, 0, 0, 0, 0, 0, 0, 3, 3, 14
"c:\Users\Dabz\Desktop\Dev\sl.itzdabbzz.me\packages\core\drizzle\0007_previous_doomsday.sql", "MS SQL", 0, 0, 0, 6, 0, 0, 0, 0, 0, 0, 0, 0, 6
"c:\Users\Dabz\Desktop\Dev\sl.itzdabbzz.me\packages\core\drizzle\0008_slow_mister_sinister.sql", "MS SQL", 0, 0, 0, 2, 0, 0, 0, 0, 0, 0, 0, 0, 2
"c:\Users\Dabz\Desktop\Dev\sl.itzdabbzz.me\packages\core\drizzle\0009_even_tattoo.sql", "MS SQL", 0, 0, 0, 34, 0, 0, 0, 0, 0, 0, 3, 0, 37
"c:\Users\Dabz\Desktop\Dev\sl.itzdabbzz.me\packages\core\drizzle\0010_light_azazel.sql", "MS SQL", 0, 0, 0, 11, 0, 0, 0, 0, 0, 0, 1, 0, 12
"c:\Users\Dabz\Desktop\Dev\sl.itzdabbzz.me\packages\core\drizzle\0011_blog_settings_announcements.sql", "MS SQL", 0, 0, 0, 23, 0, 0, 0, 0, 0, 0, 4, 1, 28
"c:\Users\Dabz\Desktop\Dev\sl.itzdabbzz.me\packages\core\drizzle\0011_jazzy_sage.sql", "MS SQL", 0, 0, 0, 23, 0, 0, 0, 0, 0, 0, 2, 0, 25
"c:\Users\Dabz\Desktop\Dev\sl.itzdabbzz.me\packages\core\drizzle\0012_blog_category_visibility.sql", "MS SQL", 0, 0, 0, 2, 0, 0, 0, 0, 0, 0, 2, 2, 6
"c:\Users\Dabz\Desktop\Dev\sl.itzdabbzz.me\packages\core\drizzle\0012_unusual_forge.sql", "MS SQL", 0, 0, 0, 1, 0, 0, 0, 0, 0, 0, 0, 0, 1
"c:\Users\Dabz\Desktop\Dev\sl.itzdabbzz.me\packages\core\drizzle\meta\0000_snapshot.json", "JSON", 0, 716, 0, 0, 0, 0, 0, 0, 0, 0, 0, 0, 716
"c:\Users\Dabz\Desktop\Dev\sl.itzdabbzz.me\packages\core\drizzle\meta\0001_snapshot.json", "JSON", 0, 872, 0, 0, 0, 0, 0, 0, 0, 0, 0, 0, 872
"c:\Users\Dabz\Desktop\Dev\sl.itzdabbzz.me\packages\core\drizzle\meta\0002_snapshot.json", "JSON", 0, 872, 0, 0, 0, 0, 0, 0, 0, 0, 0, 0, 872
"c:\Users\Dabz\Desktop\Dev\sl.itzdabbzz.me\packages\core\drizzle\meta\0003_snapshot.json", "JSON", 0, 1048, 0, 0, 0, 0, 0, 0, 0, 0, 0, 0, 1048
"c:\Users\Dabz\Desktop\Dev\sl.itzdabbzz.me\packages\core\drizzle\meta\0004_snapshot.json", "JSON", 0, 1872, 0, 0, 0, 0, 0, 0, 0, 0, 0, 0, 1872
"c:\Users\Dabz\Desktop\Dev\sl.itzdabbzz.me\packages\core\drizzle\meta\0005_snapshot.json", "JSON", 0, 1984, 0, 0, 0, 0, 0, 0, 0, 0, 0, 0, 1984
"c:\Users\Dabz\Desktop\Dev\sl.itzdabbzz.me\packages\core\drizzle\meta\0006_snapshot.json", "JSON", 0, 2392, 0, 0, 0, 0, 0, 0, 0, 0, 0, 0, 2392
"c:\Users\Dabz\Desktop\Dev\sl.itzdabbzz.me\packages\core\drizzle\meta\0007_snapshot.json", "JSON", 0, 2392, 0, 0, 0, 0, 0, 0, 0, 0, 0, 0, 2392
"c:\Users\Dabz\Desktop\Dev\sl.itzdabbzz.me\packages\core\drizzle\meta\0008_snapshot.json", "JSON", 0, 2404, 0, 0, 0, 0, 0, 0, 0, 0, 0, 0, 2404
"c:\Users\Dabz\Desktop\Dev\sl.itzdabbzz.me\packages\core\drizzle\meta\0009_snapshot.json", "JSON", 0, 2707, 0, 0, 0, 0, 0, 0, 0, 0, 0, 0, 2707
"c:\Users\Dabz\Desktop\Dev\sl.itzdabbzz.me\packages\core\drizzle\meta\0010_snapshot.json", "JSON", 0, 2811, 0, 0, 0, 0, 0, 0, 0, 0, 0, 0, 2811
"c:\Users\Dabz\Desktop\Dev\sl.itzdabbzz.me\packages\core\drizzle\meta\0011_snapshot.json", "JSON", 0, 2988, 0, 0, 0, 0, 0, 0, 0, 0, 0, 0, 2988
"c:\Users\Dabz\Desktop\Dev\sl.itzdabbzz.me\packages\core\drizzle\meta\0012_snapshot.json", "JSON", 0, 2994, 0, 0, 0, 0, 0, 0, 0, 0, 0, 0, 2994
"c:\Users\Dabz\Desktop\Dev\sl.itzdabbzz.me\packages\core\drizzle\meta\_journal.json", "JSON", 0, 97, 0, 0, 0, 0, 0, 0, 0, 0, 0, 0, 97
"c:\Users\Dabz\Desktop\Dev\sl.itzdabbzz.me\packages\core\hooks\use-toast.ts", "TypeScript", 0, 0, 0, 0, 157, 0, 0, 0, 0, 0, 4, 33, 194
"c:\Users\Dabz\Desktop\Dev\sl.itzdabbzz.me\packages\core\lib\absolute-url.ts", "TypeScript", 0, 0, 0, 0, 17, 0, 0, 0, 0, 0, 0, 3, 20
"c:\Users\Dabz\Desktop\Dev\sl.itzdabbzz.me\packages\core\lib\admin-access.ts", "TypeScript", 0, 0, 0, 0, 44, 0, 0, 0, 0, 0, 5, 8, 57
"c:\Users\Dabz\Desktop\Dev\sl.itzdabbzz.me\packages\core\lib\auth-client.ts", "TypeScript", 0, 0, 0, 0, 90, 0, 0, 0, 0, 0, 0, 3, 93
"c:\Users\Dabz\Desktop\Dev\sl.itzdabbzz.me\packages\core\lib\auth-types.ts", "TypeScript", 0, 0, 0, 0, 5, 0, 0, 0, 0, 0, 0, 2, 7
"c:\Users\Dabz\Desktop\Dev\sl.itzdabbzz.me\packages\core\lib\auth.ts", "TypeScript", 0, 0, 0, 0, 217, 0, 0, 0, 0, 0, 1, 8, 226
"c:\Users\Dabz\Desktop\Dev\sl.itzdabbzz.me\packages\core\lib\blog-auth.ts", "TypeScript", 0, 0, 0, 0, 15, 0, 0, 0, 0, 0, 0, 3, 18
"c:\Users\Dabz\Desktop\Dev\sl.itzdabbzz.me\packages\core\lib\creator-auth.ts", "TypeScript", 0, 0, 0, 0, 31, 0, 0, 0, 0, 0, 2, 7, 40
"c:\Users\Dabz\Desktop\Dev\sl.itzdabbzz.me\packages\core\lib\db.ts", "TypeScript", 0, 0, 0, 0, 4, 0, 0, 0, 0, 0, 0, 2, 6
"c:\Users\Dabz\Desktop\Dev\sl.itzdabbzz.me\packages\core\lib\email\invitation.tsx", "TypeScript JSX", 0, 0, 0, 0, 0, 0, 0, 0, 104, 0, 0, 4, 108
"c:\Users\Dabz\Desktop\Dev\sl.itzdabbzz.me\packages\core\lib\email\resend.ts", "TypeScript", 0, 0, 0, 0, 2, 0, 0, 0, 0, 0, 0, 2, 4
"c:\Users\Dabz\Desktop\Dev\sl.itzdabbzz.me\packages\core\lib\email\reset-password.tsx", "TypeScript JSX", 0, 0, 0, 0, 0, 0, 0, 0, 72, 0, 0, 4, 76
"c:\Users\Dabz\Desktop\Dev\sl.itzdabbzz.me\packages\core\lib\hljs\lsl.ts", "TypeScript", 0, 0, 0, 0, 76, 0, 0, 0, 0, 0, 6, 6, 88
"c:\Users\Dabz\Desktop\Dev\sl.itzdabbzz.me\packages\core\lib\metadata.ts", "TypeScript", 0, 0, 0, 0, 26, 0, 0, 0, 0, 0, 0, 3, 29
"c:\Users\Dabz\Desktop\Dev\sl.itzdabbzz.me\packages\core\lib\permissions.ts", "TypeScript", 0, 0, 0, 0, 50, 0, 0, 0, 0, 0, 9, 10, 69
"c:\Users\Dabz\Desktop\Dev\sl.itzdabbzz.me\packages\core\lib\rate-limit.ts", "TypeScript", 0, 0, 0, 0, 126, 0, 0, 0, 0, 0, 10, 8, 144
"c:\Users\Dabz\Desktop\Dev\sl.itzdabbzz.me\packages\core\lib\shared.ts", "TypeScript", 0, 0, 0, 0, 18, 0, 0, 0, 0, 0, 0, 3, 21
"c:\Users\Dabz\Desktop\Dev\sl.itzdabbzz.me\packages\core\lib\sl-auth.ts", "TypeScript", 0, 0, 0, 0, 44, 0, 0, 0, 0, 0, 6, 13, 63
"c:\Users\Dabz\Desktop\Dev\sl.itzdabbzz.me\packages\core\lib\utils.ts", "TypeScript", 0, 0, 0, 0, 40, 0, 0, 0, 0, 0, 3, 8, 51
"c:\Users\Dabz\Desktop\Dev\sl.itzdabbzz.me\packages\core\lib\webhooks.ts", "TypeScript", 0, 0, 0, 0, 53, 0, 0, 0, 0, 0, 0, 7, 60
"c:\Users\Dabz\Desktop\Dev\sl.itzdabbzz.me\packages\core\middleware.ts", "TypeScript", 0, 0, 0, 0, 12, 0, 0, 0, 0, 0, 0, 3, 15
"c:\Users\Dabz\Desktop\Dev\sl.itzdabbzz.me\packages\core\next.config.ts", "TypeScript", 0, 0, 0, 0, 22, 0, 0, 0, 0, 0, 1, 4, 27
"c:\Users\Dabz\Desktop\Dev\sl.itzdabbzz.me\packages\core\package.json", "JSON", 0, 126, 0, 0, 0, 0, 0, 0, 0, 0, 0, 1, 127
"c:\Users\Dabz\Desktop\Dev\sl.itzdabbzz.me\packages\core\postcss.config.mjs", "JavaScript", 0, 0, 0, 0, 0, 0, 0, 6, 0, 0, 1, 2, 9
"c:\Users\Dabz\Desktop\Dev\sl.itzdabbzz.me\packages\core\public\favicon\light\site.webmanifest", "JSON", 0, 19, 0, 0, 0, 0, 0, 0, 0, 0, 0, 1, 20
"c:\Users\Dabz\Desktop\Dev\sl.itzdabbzz.me\packages\core\public\favicon\site.webmanifest", "JSON", 0, 1, 0, 0, 0, 0, 0, 0, 0, 0, 0, 0, 1
"c:\Users\Dabz\Desktop\Dev\sl.itzdabbzz.me\packages\core\public\logo.svg", "XML", 0, 0, 0, 0, 0, 0, 8, 0, 0, 0, 0, 1, 9
"c:\Users\Dabz\Desktop\Dev\sl.itzdabbzz.me\packages\core\schemas\auth-schema.ts", "TypeScript", 0, 0, 0, 0, 176, 0, 0, 0, 0, 0, 3, 13, 192
"c:\Users\Dabz\Desktop\Dev\sl.itzdabbzz.me\packages\core\schemas\blog.ts", "TypeScript", 0, 0, 0, 0, 133, 0, 0, 0, 0, 0, 11, 13, 157
"c:\Users\Dabz\Desktop\Dev\sl.itzdabbzz.me\packages\core\schemas\sl-schema.ts", "TypeScript", 0, 0, 0, 0, 248, 0, 0, 0, 0, 0, 21, 29, 298
"c:\Users\Dabz\Desktop\Dev\sl.itzdabbzz.me\packages\core\schemas\sl.zod.ts", "TypeScript", 0, 0, 0, 0, 106, 0, 0, 0, 0, 0, 9, 16, 131
"c:\Users\Dabz\Desktop\Dev\sl.itzdabbzz.me\packages\core\schemas\webhook.ts", "TypeScript", 0, 0, 0, 0, 5, 0, 0, 0, 0, 0, 0, 2, 7
"c:\Users\Dabz\Desktop\Dev\sl.itzdabbzz.me\packages\core\tsconfig.json", "JSON with Comments", 0, 0, 0, 0, 0, 30, 0, 0, 0, 0, 0, 1, 31
"c:\Users\Dabz\Desktop\Dev\sl.itzdabbzz.me\packages\core\types\redis.d.ts", "TypeScript", 0, 0, 0, 0, 11, 0, 0, 0, 0, 0, 0, 1, 12
"c:\Users\Dabz\Desktop\Dev\sl.itzdabbzz.me\packages\core\types\upstash-redis.d.ts", "TypeScript", 0, 0, 0, 0, 9, 0, 0, 0, 0, 0, 0, 1, 10
"c:\Users\Dabz\Desktop\Dev\sl.itzdabbzz.me\packages\core\vercel.json", "JSON", 0, 5, 0, 0, 0, 0, 0, 0, 0, 0, 0, 1, 6
"c:\Users\Dabz\Desktop\Dev\sl.itzdabbzz.me\packages\scraper-cli\package.json", "JSON", 0, 29, 0, 0, 0, 0, 0, 0, 0, 0, 0, 1, 30
"c:\Users\Dabz\Desktop\Dev\sl.itzdabbzz.me\packages\scraper-cli\src\index.ts", "TypeScript", 0, 0, 0, 0, 2, 0, 0, 0, 0, 0, 0, 1, 3
"c:\Users\Dabz\Desktop\Dev\sl.itzdabbzz.me\packages\scraper-cli\src\login.ts", "TypeScript", 0, 0, 0, 0, 27, 0, 0, 0, 0, 0, 0, 9, 36
"c:\Users\Dabz\Desktop\Dev\sl.itzdabbzz.me\packages\scraper-cli\src\scrape.ts", "TypeScript", 0, 0, 0, 0, 444, 0, 0, 0, 0, 0, 1, 46, 491
"c:\Users\Dabz\Desktop\Dev\sl.itzdabbzz.me\packages\scraper-cli\src\utils.ts", "TypeScript", 0, 0, 0, 0, 14, 0, 0, 0, 0, 0, 0, 4, 18
"c:\Users\Dabz\Desktop\Dev\sl.itzdabbzz.me\packages\scraper-cli\tsconfig.json", "JSON with Comments", 0, 0, 0, 0, 0, 18, 0, 0, 0, 0, 0, 1, 19
"c:\Users\Dabz\Desktop\Dev\sl.itzdabbzz.me\packages\shared-data\package.json", "JSON", 0, 12, 0, 0, 0, 0, 0, 0, 0, 0, 0, 1, 13
"c:\Users\Dabz\Desktop\Dev\sl.itzdabbzz.me\packages\shared-data\src\index.ts", "TypeScript", 0, 0, 0, 0, 1, 0, 0, 0, 0, 0, 0, 1, 2
"c:\Users\Dabz\Desktop\Dev\sl.itzdabbzz.me\packages\shared-data\tsconfig.json", "JSON with Comments", 0, 0, 0, 0, 0, 14, 0, 0, 0, 0, 0, 1, 15
"c:\Users\Dabz\Desktop\Dev\sl.itzdabbzz.me\pnpm-lock.yaml", "YAML", 9086, 0, 0, 0, 0, 0, 0, 0, 0, 0, 0, 2165, 11251
"c:\Users\Dabz\Desktop\Dev\sl.itzdabbzz.me\pnpm-workspace.yaml", "YAML", 16, 0, 0, 0, 0, 0, 0, 0, 0, 0, 0, 3, 19
"c:\Users\Dabz\Desktop\Dev\sl.itzdabbzz.me\tsconfig.base.json", "JSON", 0, 9, 0, 0, 0, 0, 0, 0, 0, 0, 0, 1, 10
"c:\Users\Dabz\Desktop\Dev\sl.itzdabbzz.me\turbo.json", "JSON", 0, 27, 0, 0, 0, 0, 0, 0, 0, 0, 0, 1, 28
"c:\Users\Dabz\Desktop\Dev\sl.itzdabbzz.me\vercel.json", "JSON", 0, 7, 0, 0, 0, 0, 0, 0, 0, 0, 0, 1, 8
"Total", "-", 9102, 26648, 645, 429, 4322, 62, 8, 6, 17679, 233, 422, 4196, 63752